evidence_id,entity_type,entity_id,field_name,claimed_value,source_type,source_relationship,source_name,source_url,account_or_page_status,edition_year,published_at,accessed_at,is_primary,verification_status,confidence,notes
ev-0001,exhibition,riyadh-2026-leap,start_date,2026-08-31,organizer_announcement,official,LEAP 2026 source review,https://onegiantleap.com/,public_page,2026,,2026-07-18,true,verified_primary,high,Upcoming sales-pipeline target; current 2026 exhibitor directory located.
ev-0002,exhibition,riyadh-2026-leap,end_date,2026-09-03,organizer_announcement,official,LEAP 2026 source review,https://onegiantleap.com/,public_page,2026,,2026-07-18,true,verified_primary,high,Upcoming sales-pipeline target; current 2026 exhibitor directory located.
ev-0003,exhibition,riyadh-2026-leap,venue,"Riyadh Exhibition and Convention Center, Malham",organizer_announcement,official,LEAP 2026 source review,https://onegiantleap.com/,public_page,2026,,2026-07-18,true,verified_primary,high,Upcoming sales-pipeline target; current 2026 exhibitor directory located.
ev-0004,exhibition,riyadh-2026-leap,city,Riyadh,organizer_announcement,official,LEAP 2026 source review,https://onegiantleap.com/,public_page,2026,,2026-07-18,true,verified_primary,high,Upcoming sales-pipeline target; current 2026 exhibitor directory located.
ev-0005,exhibition,riyadh-2026-leap,has_exhibition_floor,yes,organizer_announcement,official,LEAP 2026 source review,https://onegiantleap.com/,public_page,2026,,2026-07-18,true,verified_primary,high,Upcoming sales-pipeline target; current 2026 exhibitor directory located.
ev-0006,exhibition,riyadh-2026-leap,lifecycle_status,upcoming_confirmed,organizer_announcement,official,LEAP 2026 source review,https://onegiantleap.com/,public_page,2026,,2026-07-18,true,verified_primary,high,Upcoming sales-pipeline target; current 2026 exhibitor directory located.
ev-0007,exhibition,riyadh-2026-leap,pipeline_tier,primary_b2b,organizer_announcement,official,LEAP 2026 source review,https://onegiantleap.com/,public_page,2026,,2026-07-18,true,verified_primary,high,Upcoming sales-pipeline target; current 2026 exhibitor directory located.
ev-0008,exhibition,riyadh-2026-cityscape-global,start_date,2026-11-16,organizer_announcement,official,Cityscape Global 2026 source review,https://cityscapeglobal.com/,public_page,2026,,2026-07-18,false,verified_cross_source,high,No open 2026 exhibitor directory found; high-priority real-estate pipeline target.
ev-0009,exhibition,riyadh-2026-cityscape-global,end_date,2026-11-19,organizer_announcement,official,Cityscape Global 2026 source review,https://cityscapeglobal.com/,public_page,2026,,2026-07-18,false,verified_cross_source,high,No open 2026 exhibitor directory found; high-priority real-estate pipeline target.
ev-0010,exhibition,riyadh-2026-cityscape-global,venue,"Riyadh Exhibition and Convention Centre, Malham",organizer_announcement,official,Cityscape Global 2026 source review,https://cityscapeglobal.com/,public_page,2026,,2026-07-18,false,verified_cross_source,high,No open 2026 exhibitor directory found; high-priority real-estate pipeline target.
ev-0011,exhibition,riyadh-2026-cityscape-global,city,Riyadh,organizer_announcement,official,Cityscape Global 2026 source review,https://cityscapeglobal.com/,public_page,2026,,2026-07-18,false,verified_cross_source,high,No open 2026 exhibitor directory found; high-priority real-estate pipeline target.
ev-0012,exhibition,riyadh-2026-cityscape-global,has_exhibition_floor,yes,organizer_announcement,official,Cityscape Global 2026 source review,https://cityscapeglobal.com/,public_page,2026,,2026-07-18,false,verified_cross_source,high,No open 2026 exhibitor directory found; high-priority real-estate pipeline target.
ev-0013,exhibition,riyadh-2026-cityscape-global,lifecycle_status,upcoming_confirmed,organizer_announcement,official,Cityscape Global 2026 source review,https://cityscapeglobal.com/,public_page,2026,,2026-07-18,false,verified_cross_source,high,No open 2026 exhibitor directory found; high-priority real-estate pipeline target.
ev-0014,exhibition,riyadh-2026-cityscape-global,pipeline_tier,primary_b2b,organizer_announcement,official,Cityscape Global 2026 source review,https://cityscapeglobal.com/,public_page,2026,,2026-07-18,false,verified_cross_source,high,No open 2026 exhibitor directory found; high-priority real-estate pipeline target.
ev-0015,exhibition,riyadh-2026-global-health,start_date,2026-10-26,organizer_announcement,official,Global Health Exhibition 2026 source review,https://www.globalhealthsaudi.com/,public_page,2026,,2026-07-18,true,verified_primary,high,Global Health exhibitor-list page treated as 2025 historical unless it demonstrably lists 2026 exhibitors.
ev-0016,exhibition,riyadh-2026-global-health,end_date,2026-10-29,organizer_announcement,official,Global Health Exhibition 2026 source review,https://www.globalhealthsaudi.com/,public_page,2026,,2026-07-18,true,verified_primary,high,Global Health exhibitor-list page treated as 2025 historical unless it demonstrably lists 2026 exhibitors.
ev-0017,exhibition,riyadh-2026-global-health,venue,"Riyadh Exhibition and Convention Center, Malham",organizer_announcement,official,Global Health Exhibition 2026 source review,https://www.globalhealthsaudi.com/,public_page,2026,,2026-07-18,true,verified_primary,high,Global Health exhibitor-list page treated as 2025 historical unless it demonstrably lists 2026 exhibitors.
ev-0018,exhibition,riyadh-2026-global-health,city,Riyadh,organizer_announcement,official,Global Health Exhibition 2026 source review,https://www.globalhealthsaudi.com/,public_page,2026,,2026-07-18,true,verified_primary,high,Global Health exhibitor-list page treated as 2025 historical unless it demonstrably lists 2026 exhibitors.
ev-0019,exhibition,riyadh-2026-global-health,has_exhibition_floor,yes,organizer_announcement,official,Global Health Exhibition 2026 source review,https://www.globalhealthsaudi.com/,public_page,2026,,2026-07-18,true,verified_primary,high,Global Health exhibitor-list page treated as 2025 historical unless it demonstrably lists 2026 exhibitors.
ev-0020,exhibition,riyadh-2026-global-health,lifecycle_status,upcoming_confirmed,organizer_announcement,official,Global Health Exhibition 2026 source review,https://www.globalhealthsaudi.com/,public_page,2026,,2026-07-18,true,verified_primary,high,Global Health exhibitor-list page treated as 2025 historical unless it demonstrably lists 2026 exhibitors.
ev-0021,exhibition,riyadh-2026-global-health,pipeline_tier,primary_b2b,organizer_announcement,official,Global Health Exhibition 2026 source review,https://www.globalhealthsaudi.com/,public_page,2026,,2026-07-18,true,verified_primary,high,Global Health exhibitor-list page treated as 2025 historical unless it demonstrably lists 2026 exhibitors.
ev-0022,exhibition,riyadh-2026-saudi-build,start_date,2026-11-02,organizer_announcement,official,Saudi Build 2026 source review,https://saudi-build.com/,public_page,2026,,2026-07-18,false,verified_cross_source,medium,Corrected dates to 2-5 Nov 2026 from specific event evidence; no current exhibitor directory located.
ev-0023,exhibition,riyadh-2026-saudi-build,end_date,2026-11-05,organizer_announcement,official,Saudi Build 2026 source review,https://saudi-build.com/,public_page,2026,,2026-07-18,false,verified_cross_source,medium,Corrected dates to 2-5 Nov 2026 from specific event evidence; no current exhibitor directory located.
ev-0024,exhibition,riyadh-2026-saudi-build,venue,Riyadh International Convention & Exhibition Center,organizer_announcement,official,Saudi Build 2026 source review,https://saudi-build.com/,public_page,2026,,2026-07-18,false,verified_cross_source,medium,Corrected dates to 2-5 Nov 2026 from specific event evidence; no current exhibitor directory located.
ev-0025,exhibition,riyadh-2026-saudi-build,city,Riyadh,organizer_announcement,official,Saudi Build 2026 source review,https://saudi-build.com/,public_page,2026,,2026-07-18,false,verified_cross_source,medium,Corrected dates to 2-5 Nov 2026 from specific event evidence; no current exhibitor directory located.
ev-0026,exhibition,riyadh-2026-saudi-build,has_exhibition_floor,yes,organizer_announcement,official,Saudi Build 2026 source review,https://saudi-build.com/,public_page,2026,,2026-07-18,false,verified_cross_source,medium,Corrected dates to 2-5 Nov 2026 from specific event evidence; no current exhibitor directory located.
ev-0027,exhibition,riyadh-2026-saudi-build,lifecycle_status,upcoming_confirmed,organizer_announcement,official,Saudi Build 2026 source review,https://saudi-build.com/,public_page,2026,,2026-07-18,false,verified_cross_source,medium,Corrected dates to 2-5 Nov 2026 from specific event evidence; no current exhibitor directory located.
ev-0028,exhibition,riyadh-2026-saudi-build,pipeline_tier,primary_b2b,organizer_announcement,official,Saudi Build 2026 source review,https://saudi-build.com/,public_page,2026,,2026-07-18,false,verified_cross_source,medium,Corrected dates to 2-5 Nov 2026 from specific event evidence; no current exhibitor directory located.
ev-0029,exhibition,riyadh-2026-big5-construct-saudi,start_date,2026-08-30,organizer_announcement,official,Big 5 Construct Saudi 2026 source review,https://www.big5constructsaudi.com/,public_page,2026,,2026-07-18,false,verified_cross_source,medium,Current directory not found; construction priority remains high.
ev-0030,exhibition,riyadh-2026-big5-construct-saudi,end_date,2026-09-02,organizer_announcement,official,Big 5 Construct Saudi 2026 source review,https://www.big5constructsaudi.com/,public_page,2026,,2026-07-18,false,verified_cross_source,medium,Current directory not found; construction priority remains high.
ev-0031,exhibition,riyadh-2026-big5-construct-saudi,venue,Riyadh International Convention & Exhibition Center,organizer_announcement,official,Big 5 Construct Saudi 2026 source review,https://www.big5constructsaudi.com/,public_page,2026,,2026-07-18,false,verified_cross_source,medium,Current directory not found; construction priority remains high.
ev-0032,exhibition,riyadh-2026-big5-construct-saudi,city,Riyadh,organizer_announcement,official,Big 5 Construct Saudi 2026 source review,https://www.big5constructsaudi.com/,public_page,2026,,2026-07-18,false,verified_cross_source,medium,Current directory not found; construction priority remains high.
ev-0033,exhibition,riyadh-2026-big5-construct-saudi,has_exhibition_floor,yes,organizer_announcement,official,Big 5 Construct Saudi 2026 source review,https://www.big5constructsaudi.com/,public_page,2026,,2026-07-18,false,verified_cross_source,medium,Current directory not found; construction priority remains high.
ev-0034,exhibition,riyadh-2026-big5-construct-saudi,lifecycle_status,upcoming_confirmed,organizer_announcement,official,Big 5 Construct Saudi 2026 source review,https://www.big5constructsaudi.com/,public_page,2026,,2026-07-18,false,verified_cross_source,medium,Current directory not found; construction priority remains high.
ev-0035,exhibition,riyadh-2026-big5-construct-saudi,pipeline_tier,primary_b2b,organizer_announcement,official,Big 5 Construct Saudi 2026 source review,https://www.big5constructsaudi.com/,public_page,2026,,2026-07-18,false,verified_cross_source,medium,Current directory not found; construction priority remains high.
ev-0036,exhibition,riyadh-2026-index-saudi,start_date,2026-09-06,organizer_announcement,official,INDEX Saudi Arabia 2026 source review,https://www.index-saudi.com/,public_page,2026,,2026-07-18,true,verified_primary,high,"Exhibitor page exists, but no current company list yet; do not count as current directory."
ev-0037,exhibition,riyadh-2026-index-saudi,end_date,2026-09-08,organizer_announcement,official,INDEX Saudi Arabia 2026 source review,https://www.index-saudi.com/,public_page,2026,,2026-07-18,true,verified_primary,high,"Exhibitor page exists, but no current company list yet; do not count as current directory."
ev-0038,exhibition,riyadh-2026-index-saudi,venue,Riyadh Front Exhibition & Conference Center,organizer_announcement,official,INDEX Saudi Arabia 2026 source review,https://www.index-saudi.com/,public_page,2026,,2026-07-18,true,verified_primary,high,"Exhibitor page exists, but no current company list yet; do not count as current directory."
ev-0039,exhibition,riyadh-2026-index-saudi,city,Riyadh,organizer_announcement,official,INDEX Saudi Arabia 2026 source review,https://www.index-saudi.com/,public_page,2026,,2026-07-18,true,verified_primary,high,"Exhibitor page exists, but no current company list yet; do not count as current directory."
ev-0040,exhibition,riyadh-2026-index-saudi,has_exhibition_floor,yes,organizer_announcement,official,INDEX Saudi Arabia 2026 source review,https://www.index-saudi.com/,public_page,2026,,2026-07-18,true,verified_primary,high,"Exhibitor page exists, but no current company list yet; do not count as current directory."
ev-0041,exhibition,riyadh-2026-index-saudi,lifecycle_status,upcoming_confirmed,organizer_announcement,official,INDEX Saudi Arabia 2026 source review,https://www.index-saudi.com/,public_page,2026,,2026-07-18,true,verified_primary,high,"Exhibitor page exists, but no current company list yet; do not count as current directory."
ev-0042,exhibition,riyadh-2026-index-saudi,pipeline_tier,primary_b2b,organizer_announcement,official,INDEX Saudi Arabia 2026 source review,https://www.index-saudi.com/,public_page,2026,,2026-07-18,true,verified_primary,high,"Exhibitor page exists, but no current company list yet; do not count as current directory."
ev-0043,exhibition,riyadh-2026-saudi-warehousing-logistics,start_date,2026-08-30,organizer_announcement,official,Saudi Warehousing & Logistics Expo 2026 source review,https://www.saudilogisticsexpo.com/,public_page,2026,,2026-07-18,false,verified_cross_source,high,Date conflict exists: some official snippets say 8-10 Sep while venue/calendar pages say 30 Aug-1 Sep; flagged for follow-up.
ev-0044,exhibition,riyadh-2026-saudi-warehousing-logistics,end_date,2026-09-01,organizer_announcement,official,Saudi Warehousing & Logistics Expo 2026 source review,https://www.saudilogisticsexpo.com/,public_page,2026,,2026-07-18,false,verified_cross_source,high,Date conflict exists: some official snippets say 8-10 Sep while venue/calendar pages say 30 Aug-1 Sep; flagged for follow-up.
ev-0045,exhibition,riyadh-2026-saudi-warehousing-logistics,venue,Riyadh Front Exhibition & Conference Center,organizer_announcement,official,Saudi Warehousing & Logistics Expo 2026 source review,https://www.saudilogisticsexpo.com/,public_page,2026,,2026-07-18,false,verified_cross_source,high,Date conflict exists: some official snippets say 8-10 Sep while venue/calendar pages say 30 Aug-1 Sep; flagged for follow-up.
ev-0046,exhibition,riyadh-2026-saudi-warehousing-logistics,city,Riyadh,organizer_announcement,official,Saudi Warehousing & Logistics Expo 2026 source review,https://www.saudilogisticsexpo.com/,public_page,2026,,2026-07-18,false,verified_cross_source,high,Date conflict exists: some official snippets say 8-10 Sep while venue/calendar pages say 30 Aug-1 Sep; flagged for follow-up.
ev-0047,exhibition,riyadh-2026-saudi-warehousing-logistics,has_exhibition_floor,yes,organizer_announcement,official,Saudi Warehousing & Logistics Expo 2026 source review,https://www.saudilogisticsexpo.com/,public_page,2026,,2026-07-18,false,verified_cross_source,high,Date conflict exists: some official snippets say 8-10 Sep while venue/calendar pages say 30 Aug-1 Sep; flagged for follow-up.
ev-0048,exhibition,riyadh-2026-saudi-warehousing-logistics,lifecycle_status,upcoming_confirmed,organizer_announcement,official,Saudi Warehousing & Logistics Expo 2026 source review,https://www.saudilogisticsexpo.com/,public_page,2026,,2026-07-18,false,verified_cross_source,high,Date conflict exists: some official snippets say 8-10 Sep while venue/calendar pages say 30 Aug-1 Sep; flagged for follow-up.
ev-0049,exhibition,riyadh-2026-saudi-warehousing-logistics,pipeline_tier,primary_b2b,organizer_announcement,official,Saudi Warehousing & Logistics Expo 2026 source review,https://www.saudilogisticsexpo.com/,public_page,2026,,2026-07-18,false,verified_cross_source,high,Date conflict exists: some official snippets say 8-10 Sep while venue/calendar pages say 30 Aug-1 Sep; flagged for follow-up.
ev-0050,exhibition,riyadh-2026-saudi-event-show,start_date,2026-09-09,organizer_announcement,official,The Saudi Event Show 2026 source review,https://informaconnect.com/saudi-event-show/,public_page,2026,,2026-07-18,false,verified_cross_source,high,"Current exhibitor directory is third-party, not primary; strong Core Media fit."
ev-0051,exhibition,riyadh-2026-saudi-event-show,end_date,2026-09-10,organizer_announcement,official,The Saudi Event Show 2026 source review,https://informaconnect.com/saudi-event-show/,public_page,2026,,2026-07-18,false,verified_cross_source,high,"Current exhibitor directory is third-party, not primary; strong Core Media fit."
ev-0052,exhibition,riyadh-2026-saudi-event-show,venue,The Arena Riyadh Venue for Exhibitions,organizer_announcement,official,The Saudi Event Show 2026 source review,https://informaconnect.com/saudi-event-show/,public_page,2026,,2026-07-18,false,verified_cross_source,high,"Current exhibitor directory is third-party, not primary; strong Core Media fit."
ev-0053,exhibition,riyadh-2026-saudi-event-show,city,Riyadh,organizer_announcement,official,The Saudi Event Show 2026 source review,https://informaconnect.com/saudi-event-show/,public_page,2026,,2026-07-18,false,verified_cross_source,high,"Current exhibitor directory is third-party, not primary; strong Core Media fit."
ev-0054,exhibition,riyadh-2026-saudi-event-show,has_exhibition_floor,yes,organizer_announcement,official,The Saudi Event Show 2026 source review,https://informaconnect.com/saudi-event-show/,public_page,2026,,2026-07-18,false,verified_cross_source,high,"Current exhibitor directory is third-party, not primary; strong Core Media fit."
ev-0055,exhibition,riyadh-2026-saudi-event-show,lifecycle_status,upcoming_confirmed,organizer_announcement,official,The Saudi Event Show 2026 source review,https://informaconnect.com/saudi-event-show/,public_page,2026,,2026-07-18,false,verified_cross_source,high,"Current exhibitor directory is third-party, not primary; strong Core Media fit."
ev-0056,exhibition,riyadh-2026-saudi-event-show,pipeline_tier,primary_b2b,organizer_announcement,official,The Saudi Event Show 2026 source review,https://informaconnect.com/saudi-event-show/,public_page,2026,,2026-07-18,false,verified_cross_source,high,"Current exhibitor directory is third-party, not primary; strong Core Media fit."
ev-0057,exhibition,riyadh-2026-money2020-middle-east,start_date,2026-09-14,organizer_announcement,official,Money20/20 Middle East 2026 source review,https://money2020middleeast.com/,public_page,2026,,2026-07-18,true,verified_primary,high,Sponsor/partner page exists; no exhibitor directory found. Not mixed with exhibitor confirmation.
ev-0058,exhibition,riyadh-2026-money2020-middle-east,end_date,2026-09-16,organizer_announcement,official,Money20/20 Middle East 2026 source review,https://money2020middleeast.com/,public_page,2026,,2026-07-18,true,verified_primary,high,Sponsor/partner page exists; no exhibitor directory found. Not mixed with exhibitor confirmation.
ev-0059,exhibition,riyadh-2026-money2020-middle-east,venue,"Riyadh Exhibition and Convention Center, Malham",organizer_announcement,official,Money20/20 Middle East 2026 source review,https://money2020middleeast.com/,public_page,2026,,2026-07-18,true,verified_primary,high,Sponsor/partner page exists; no exhibitor directory found. Not mixed with exhibitor confirmation.
ev-0060,exhibition,riyadh-2026-money2020-middle-east,city,Riyadh,organizer_announcement,official,Money20/20 Middle East 2026 source review,https://money2020middleeast.com/,public_page,2026,,2026-07-18,true,verified_primary,high,Sponsor/partner page exists; no exhibitor directory found. Not mixed with exhibitor confirmation.
ev-0061,exhibition,riyadh-2026-money2020-middle-east,has_exhibition_floor,yes,organizer_announcement,official,Money20/20 Middle East 2026 source review,https://money2020middleeast.com/,public_page,2026,,2026-07-18,true,verified_primary,high,Sponsor/partner page exists; no exhibitor directory found. Not mixed with exhibitor confirmation.
ev-0062,exhibition,riyadh-2026-money2020-middle-east,lifecycle_status,upcoming_confirmed,organizer_announcement,official,Money20/20 Middle East 2026 source review,https://money2020middleeast.com/,public_page,2026,,2026-07-18,true,verified_primary,high,Sponsor/partner page exists; no exhibitor directory found. Not mixed with exhibitor confirmation.
ev-0063,exhibition,riyadh-2026-money2020-middle-east,pipeline_tier,primary_b2b,organizer_announcement,official,Money20/20 Middle East 2026 source review,https://money2020middleeast.com/,public_page,2026,,2026-07-18,true,verified_primary,high,Sponsor/partner page exists; no exhibitor directory found. Not mixed with exhibitor confirmation.
ev-0064,exhibition,riyadh-2026-hotel-hospitality-expo,start_date,2026-09-15,organizer_announcement,official,Hotel & Hospitality Expo Saudi Arabia 2026 source review,https://www.thehotelshowsaudiarabia.com/,public_page,2026,,2026-07-18,false,verified_cross_source,medium,Current directory is third-party; official site validates event floor and dates.
ev-0065,exhibition,riyadh-2026-hotel-hospitality-expo,end_date,2026-09-17,organizer_announcement,official,Hotel & Hospitality Expo Saudi Arabia 2026 source review,https://www.thehotelshowsaudiarabia.com/,public_page,2026,,2026-07-18,false,verified_cross_source,medium,Current directory is third-party; official site validates event floor and dates.
ev-0066,exhibition,riyadh-2026-hotel-hospitality-expo,venue,Riyadh International Convention & Exhibition Center,organizer_announcement,official,Hotel & Hospitality Expo Saudi Arabia 2026 source review,https://www.thehotelshowsaudiarabia.com/,public_page,2026,,2026-07-18,false,verified_cross_source,medium,Current directory is third-party; official site validates event floor and dates.
ev-0067,exhibition,riyadh-2026-hotel-hospitality-expo,city,Riyadh,organizer_announcement,official,Hotel & Hospitality Expo Saudi Arabia 2026 source review,https://www.thehotelshowsaudiarabia.com/,public_page,2026,,2026-07-18,false,verified_cross_source,medium,Current directory is third-party; official site validates event floor and dates.
ev-0068,exhibition,riyadh-2026-hotel-hospitality-expo,has_exhibition_floor,yes,organizer_announcement,official,Hotel & Hospitality Expo Saudi Arabia 2026 source review,https://www.thehotelshowsaudiarabia.com/,public_page,2026,,2026-07-18,false,verified_cross_source,medium,Current directory is third-party; official site validates event floor and dates.
ev-0069,exhibition,riyadh-2026-hotel-hospitality-expo,lifecycle_status,upcoming_confirmed,organizer_announcement,official,Hotel & Hospitality Expo Saudi Arabia 2026 source review,https://www.thehotelshowsaudiarabia.com/,public_page,2026,,2026-07-18,false,verified_cross_source,medium,Current directory is third-party; official site validates event floor and dates.
ev-0070,exhibition,riyadh-2026-hotel-hospitality-expo,pipeline_tier,primary_b2b,organizer_announcement,official,Hotel & Hospitality Expo Saudi Arabia 2026 source review,https://www.thehotelshowsaudiarabia.com/,public_page,2026,,2026-07-18,false,verified_cross_source,medium,Current directory is third-party; official site validates event floor and dates.
ev-0071,exhibition,riyadh-2026-lighting-design-technology,start_date,2026-09-06,organizer_announcement,official,Lighting Design & Technology Expo 2026 source review,https://www.index-saudi.com/product-sectors/lighting/,public_page,2026,,2026-07-18,false,discovery_only,low,"Official-looking exhibitor page content is old 2023; retained as historical source, not 2026 current list."
ev-0072,exhibition,riyadh-2026-lighting-design-technology,end_date,2026-09-08,organizer_announcement,official,Lighting Design & Technology Expo 2026 source review,https://www.index-saudi.com/product-sectors/lighting/,public_page,2026,,2026-07-18,false,discovery_only,low,"Official-looking exhibitor page content is old 2023; retained as historical source, not 2026 current list."
ev-0073,exhibition,riyadh-2026-lighting-design-technology,venue,Riyadh Front Exhibition & Conference Center,organizer_announcement,official,Lighting Design & Technology Expo 2026 source review,https://www.index-saudi.com/product-sectors/lighting/,public_page,2026,,2026-07-18,false,discovery_only,low,"Official-looking exhibitor page content is old 2023; retained as historical source, not 2026 current list."
ev-0074,exhibition,riyadh-2026-lighting-design-technology,city,Riyadh,organizer_announcement,official,Lighting Design & Technology Expo 2026 source review,https://www.index-saudi.com/product-sectors/lighting/,public_page,2026,,2026-07-18,false,discovery_only,low,"Official-looking exhibitor page content is old 2023; retained as historical source, not 2026 current list."
ev-0075,exhibition,riyadh-2026-lighting-design-technology,has_exhibition_floor,yes,organizer_announcement,official,Lighting Design & Technology Expo 2026 source review,https://www.index-saudi.com/product-sectors/lighting/,public_page,2026,,2026-07-18,false,discovery_only,low,"Official-looking exhibitor page content is old 2023; retained as historical source, not 2026 current list."
ev-0076,exhibition,riyadh-2026-lighting-design-technology,lifecycle_status,upcoming_discovery,organizer_announcement,official,Lighting Design & Technology Expo 2026 source review,https://www.index-saudi.com/product-sectors/lighting/,public_page,2026,,2026-07-18,false,discovery_only,low,"Official-looking exhibitor page content is old 2023; retained as historical source, not 2026 current list."
ev-0077,exhibition,riyadh-2026-lighting-design-technology,pipeline_tier,primary_b2b,organizer_announcement,official,Lighting Design & Technology Expo 2026 source review,https://www.index-saudi.com/product-sectors/lighting/,public_page,2026,,2026-07-18,false,discovery_only,low,"Official-looking exhibitor page content is old 2023; retained as historical source, not 2026 current list."
ev-0078,exhibition,riyadh-2026-orgatec-workspace,start_date,2026-09-13,organizer_announcement,official,ORGATEC WORKSPACE Saudi Arabia 2026 source review,https://www.orgatec-workspace-saudi.com/,public_page,2026,,2026-07-18,false,conflict_needs_review,medium,Date/status conflict: official site shows 2027 return while social/third-party sources mention 2026; retained as date/status candidate.
ev-0079,exhibition,riyadh-2026-orgatec-workspace,end_date,2026-09-15,organizer_announcement,official,ORGATEC WORKSPACE Saudi Arabia 2026 source review,https://www.orgatec-workspace-saudi.com/,public_page,2026,,2026-07-18,false,conflict_needs_review,medium,Date/status conflict: official site shows 2027 return while social/third-party sources mention 2026; retained as date/status candidate.
ev-0080,exhibition,riyadh-2026-orgatec-workspace,venue,Riyadh Front Exhibition & Conference Center,organizer_announcement,official,ORGATEC WORKSPACE Saudi Arabia 2026 source review,https://www.orgatec-workspace-saudi.com/,public_page,2026,,2026-07-18,false,conflict_needs_review,medium,Date/status conflict: official site shows 2027 return while social/third-party sources mention 2026; retained as date/status candidate.
ev-0081,exhibition,riyadh-2026-orgatec-workspace,city,Riyadh,organizer_announcement,official,ORGATEC WORKSPACE Saudi Arabia 2026 source review,https://www.orgatec-workspace-saudi.com/,public_page,2026,,2026-07-18,false,conflict_needs_review,medium,Date/status conflict: official site shows 2027 return while social/third-party sources mention 2026; retained as date/status candidate.
ev-0082,exhibition,riyadh-2026-orgatec-workspace,has_exhibition_floor,yes,organizer_announcement,official,ORGATEC WORKSPACE Saudi Arabia 2026 source review,https://www.orgatec-workspace-saudi.com/,public_page,2026,,2026-07-18,false,conflict_needs_review,medium,Date/status conflict: official site shows 2027 return while social/third-party sources mention 2026; retained as date/status candidate.
ev-0083,exhibition,riyadh-2026-orgatec-workspace,lifecycle_status,upcoming_discovery,organizer_announcement,official,ORGATEC WORKSPACE Saudi Arabia 2026 source review,https://www.orgatec-workspace-saudi.com/,public_page,2026,,2026-07-18,false,conflict_needs_review,medium,Date/status conflict: official site shows 2027 return while social/third-party sources mention 2026; retained as date/status candidate.
ev-0084,exhibition,riyadh-2026-orgatec-workspace,pipeline_tier,primary_b2b,organizer_announcement,official,ORGATEC WORKSPACE Saudi Arabia 2026 source review,https://www.orgatec-workspace-saudi.com/,public_page,2026,,2026-07-18,false,conflict_needs_review,medium,Date/status conflict: official site shows 2027 return while social/third-party sources mention 2026; retained as date/status candidate.
ev-0085,exhibition,riyadh-2026-saudi-agriculture,start_date,2026-10-19,organizer_announcement,official,Saudi Agriculture 2026 source review,https://saudi-agriculture.com/,public_page,2026,,2026-07-18,true,verified_primary,high,Current 2026 exhibitor list located; agriculture/agro-food high priority.
ev-0086,exhibition,riyadh-2026-saudi-agriculture,end_date,2026-10-22,organizer_announcement,official,Saudi Agriculture 2026 source review,https://saudi-agriculture.com/,public_page,2026,,2026-07-18,true,verified_primary,high,Current 2026 exhibitor list located; agriculture/agro-food high priority.
ev-0087,exhibition,riyadh-2026-saudi-agriculture,venue,Riyadh International Convention & Exhibition Center,organizer_announcement,official,Saudi Agriculture 2026 source review,https://saudi-agriculture.com/,public_page,2026,,2026-07-18,true,verified_primary,high,Current 2026 exhibitor list located; agriculture/agro-food high priority.
ev-0088,exhibition,riyadh-2026-saudi-agriculture,city,Riyadh,organizer_announcement,official,Saudi Agriculture 2026 source review,https://saudi-agriculture.com/,public_page,2026,,2026-07-18,true,verified_primary,high,Current 2026 exhibitor list located; agriculture/agro-food high priority.
ev-0089,exhibition,riyadh-2026-saudi-agriculture,has_exhibition_floor,yes,organizer_announcement,official,Saudi Agriculture 2026 source review,https://saudi-agriculture.com/,public_page,2026,,2026-07-18,true,verified_primary,high,Current 2026 exhibitor list located; agriculture/agro-food high priority.
ev-0090,exhibition,riyadh-2026-saudi-agriculture,lifecycle_status,upcoming_confirmed,organizer_announcement,official,Saudi Agriculture 2026 source review,https://saudi-agriculture.com/,public_page,2026,,2026-07-18,true,verified_primary,high,Current 2026 exhibitor list located; agriculture/agro-food high priority.
ev-0091,exhibition,riyadh-2026-saudi-agriculture,pipeline_tier,primary_b2b,organizer_announcement,official,Saudi Agriculture 2026 source review,https://saudi-agriculture.com/,public_page,2026,,2026-07-18,true,verified_primary,high,Current 2026 exhibitor list located; agriculture/agro-food high priority.
ev-0092,exhibition,riyadh-2026-saudi-food-expo,start_date,2026-11-15,organizer_announcement,official,Saudi Food Expo 2026 source review,https://www.saudifoodexpo.com/,public_page,2026,,2026-07-18,false,discovery_only,low,Not to be confused with The Saudi Food Show/Saudi Food Manufacturing pages that indicate Jeddah or conflicting dates.
ev-0093,exhibition,riyadh-2026-saudi-food-expo,end_date,2026-11-18,organizer_announcement,official,Saudi Food Expo 2026 source review,https://www.saudifoodexpo.com/,public_page,2026,,2026-07-18,false,discovery_only,low,Not to be confused with The Saudi Food Show/Saudi Food Manufacturing pages that indicate Jeddah or conflicting dates.
ev-0094,exhibition,riyadh-2026-saudi-food-expo,venue,Riyadh Front Expo,organizer_announcement,official,Saudi Food Expo 2026 source review,https://www.saudifoodexpo.com/,public_page,2026,,2026-07-18,false,discovery_only,low,Not to be confused with The Saudi Food Show/Saudi Food Manufacturing pages that indicate Jeddah or conflicting dates.
ev-0095,exhibition,riyadh-2026-saudi-food-expo,city,Riyadh,organizer_announcement,official,Saudi Food Expo 2026 source review,https://www.saudifoodexpo.com/,public_page,2026,,2026-07-18,false,discovery_only,low,Not to be confused with The Saudi Food Show/Saudi Food Manufacturing pages that indicate Jeddah or conflicting dates.
ev-0096,exhibition,riyadh-2026-saudi-food-expo,has_exhibition_floor,yes,organizer_announcement,official,Saudi Food Expo 2026 source review,https://www.saudifoodexpo.com/,public_page,2026,,2026-07-18,false,discovery_only,low,Not to be confused with The Saudi Food Show/Saudi Food Manufacturing pages that indicate Jeddah or conflicting dates.
ev-0097,exhibition,riyadh-2026-saudi-food-expo,lifecycle_status,upcoming_discovery,organizer_announcement,official,Saudi Food Expo 2026 source review,https://www.saudifoodexpo.com/,public_page,2026,,2026-07-18,false,discovery_only,low,Not to be confused with The Saudi Food Show/Saudi Food Manufacturing pages that indicate Jeddah or conflicting dates.
ev-0098,exhibition,riyadh-2026-saudi-food-expo,pipeline_tier,primary_b2b,organizer_announcement,official,Saudi Food Expo 2026 source review,https://www.saudifoodexpo.com/,public_page,2026,,2026-07-18,false,discovery_only,low,Not to be confused with The Saudi Food Show/Saudi Food Manufacturing pages that indicate Jeddah or conflicting dates.
ev-0099,exhibition,riyadh-2026-foodex-saudi,venue,Riyadh venue unconfirmed,organizer_announcement,official,Foodex Saudi 2026 source review,https://www.foodexsaudiexpo.com/en,public_page,2026,,2026-07-18,false,discovery_only,low,Date-unconfirmed Riyadh candidate; not counted as upcoming confirmed pipeline until exact Riyadh dates are verified.
ev-0100,exhibition,riyadh-2026-foodex-saudi,city,Riyadh,organizer_announcement,official,Foodex Saudi 2026 source review,https://www.foodexsaudiexpo.com/en,public_page,2026,,2026-07-18,false,discovery_only,low,Date-unconfirmed Riyadh candidate; not counted as upcoming confirmed pipeline until exact Riyadh dates are verified.
ev-0101,exhibition,riyadh-2026-foodex-saudi,has_exhibition_floor,yes,organizer_announcement,official,Foodex Saudi 2026 source review,https://www.foodexsaudiexpo.com/en,public_page,2026,,2026-07-18,false,discovery_only,low,Date-unconfirmed Riyadh candidate; not counted as upcoming confirmed pipeline until exact Riyadh dates are verified.
ev-0102,exhibition,riyadh-2026-foodex-saudi,lifecycle_status,date_unconfirmed,organizer_announcement,official,Foodex Saudi 2026 source review,https://www.foodexsaudiexpo.com/en,public_page,2026,,2026-07-18,false,discovery_only,low,Date-unconfirmed Riyadh candidate; not counted as upcoming confirmed pipeline until exact Riyadh dates are verified.
ev-0103,exhibition,riyadh-2026-foodex-saudi,pipeline_tier,date_unconfirmed_candidate,organizer_announcement,official,Foodex Saudi 2026 source review,https://www.foodexsaudiexpo.com/en,public_page,2026,,2026-07-18,false,discovery_only,low,Date-unconfirmed Riyadh candidate; not counted as upcoming confirmed pipeline until exact Riyadh dates are verified.
ev-0104,exhibition,riyadh-2026-saudi-elenex,start_date,2026-11-02,organizer_announcement,official,Saudi Elenex 2026 source review,https://saudielenex.com/,public_page,2026,,2026-07-18,true,verified_primary,high,Energy/electrical/HVAC adjacency to construction; no current exhibitor directory found.
ev-0105,exhibition,riyadh-2026-saudi-elenex,end_date,2026-11-05,organizer_announcement,official,Saudi Elenex 2026 source review,https://saudielenex.com/,public_page,2026,,2026-07-18,true,verified_primary,high,Energy/electrical/HVAC adjacency to construction; no current exhibitor directory found.
ev-0106,exhibition,riyadh-2026-saudi-elenex,venue,Riyadh International Convention & Exhibition Center,organizer_announcement,official,Saudi Elenex 2026 source review,https://saudielenex.com/,public_page,2026,,2026-07-18,true,verified_primary,high,Energy/electrical/HVAC adjacency to construction; no current exhibitor directory found.
ev-0107,exhibition,riyadh-2026-saudi-elenex,city,Riyadh,organizer_announcement,official,Saudi Elenex 2026 source review,https://saudielenex.com/,public_page,2026,,2026-07-18,true,verified_primary,high,Energy/electrical/HVAC adjacency to construction; no current exhibitor directory found.
ev-0108,exhibition,riyadh-2026-saudi-elenex,has_exhibition_floor,yes,organizer_announcement,official,Saudi Elenex 2026 source review,https://saudielenex.com/,public_page,2026,,2026-07-18,true,verified_primary,high,Energy/electrical/HVAC adjacency to construction; no current exhibitor directory found.
ev-0109,exhibition,riyadh-2026-saudi-elenex,lifecycle_status,upcoming_confirmed,organizer_announcement,official,Saudi Elenex 2026 source review,https://saudielenex.com/,public_page,2026,,2026-07-18,true,verified_primary,high,Energy/electrical/HVAC adjacency to construction; no current exhibitor directory found.
ev-0110,exhibition,riyadh-2026-saudi-elenex,pipeline_tier,primary_b2b,organizer_announcement,official,Saudi Elenex 2026 source review,https://saudielenex.com/,public_page,2026,,2026-07-18,true,verified_primary,high,Energy/electrical/HVAC adjacency to construction; no current exhibitor directory found.
ev-0111,exhibition,riyadh-2026-lift-city-expo,start_date,2026-11-26,organizer_announcement,official,LIFT CITY EXPO Riyadh 2026 source review,https://www.liftcityexpo.com/,public_page,2026,,2026-07-18,false,discovery_only,medium,Specific third-party event page found; official site requires deeper verification.
ev-0112,exhibition,riyadh-2026-lift-city-expo,end_date,2026-11-28,organizer_announcement,official,LIFT CITY EXPO Riyadh 2026 source review,https://www.liftcityexpo.com/,public_page,2026,,2026-07-18,false,discovery_only,medium,Specific third-party event page found; official site requires deeper verification.
ev-0113,exhibition,riyadh-2026-lift-city-expo,venue,The Arena Riyadh Venue for Exhibitions,organizer_announcement,official,LIFT CITY EXPO Riyadh 2026 source review,https://www.liftcityexpo.com/,public_page,2026,,2026-07-18,false,discovery_only,medium,Specific third-party event page found; official site requires deeper verification.
ev-0114,exhibition,riyadh-2026-lift-city-expo,city,Riyadh,organizer_announcement,official,LIFT CITY EXPO Riyadh 2026 source review,https://www.liftcityexpo.com/,public_page,2026,,2026-07-18,false,discovery_only,medium,Specific third-party event page found; official site requires deeper verification.
ev-0115,exhibition,riyadh-2026-lift-city-expo,has_exhibition_floor,yes,organizer_announcement,official,LIFT CITY EXPO Riyadh 2026 source review,https://www.liftcityexpo.com/,public_page,2026,,2026-07-18,false,discovery_only,medium,Specific third-party event page found; official site requires deeper verification.
ev-0116,exhibition,riyadh-2026-lift-city-expo,lifecycle_status,upcoming_confirmed,organizer_announcement,official,LIFT CITY EXPO Riyadh 2026 source review,https://www.liftcityexpo.com/,public_page,2026,,2026-07-18,false,discovery_only,medium,Specific third-party event page found; official site requires deeper verification.
ev-0117,exhibition,riyadh-2026-lift-city-expo,pipeline_tier,primary_b2b,organizer_announcement,official,LIFT CITY EXPO Riyadh 2026 source review,https://www.liftcityexpo.com/,public_page,2026,,2026-07-18,false,discovery_only,medium,Specific third-party event page found; official site requires deeper verification.
ev-0118,exhibition,riyadh-2026-industrial-transformation-saudi,start_date,2026-11-30,organizer_announcement,official,Industrial Transformation Saudi Arabia 2026 source review,https://industrialtransformation-saudiarabia.com/,public_page,2026,,2026-07-18,false,discovery_only,medium,Late-2026 industrial candidate; official site/access needs follow-up for exact venue and directory.
ev-0119,exhibition,riyadh-2026-industrial-transformation-saudi,end_date,2026-12-02,organizer_announcement,official,Industrial Transformation Saudi Arabia 2026 source review,https://industrialtransformation-saudiarabia.com/,public_page,2026,,2026-07-18,false,discovery_only,medium,Late-2026 industrial candidate; official site/access needs follow-up for exact venue and directory.
ev-0120,exhibition,riyadh-2026-industrial-transformation-saudi,venue,Riyadh Convention & Exhibition Center,organizer_announcement,official,Industrial Transformation Saudi Arabia 2026 source review,https://industrialtransformation-saudiarabia.com/,public_page,2026,,2026-07-18,false,discovery_only,medium,Late-2026 industrial candidate; official site/access needs follow-up for exact venue and directory.
ev-0121,exhibition,riyadh-2026-industrial-transformation-saudi,city,Riyadh,organizer_announcement,official,Industrial Transformation Saudi Arabia 2026 source review,https://industrialtransformation-saudiarabia.com/,public_page,2026,,2026-07-18,false,discovery_only,medium,Late-2026 industrial candidate; official site/access needs follow-up for exact venue and directory.
ev-0122,exhibition,riyadh-2026-industrial-transformation-saudi,has_exhibition_floor,yes,organizer_announcement,official,Industrial Transformation Saudi Arabia 2026 source review,https://industrialtransformation-saudiarabia.com/,public_page,2026,,2026-07-18,false,discovery_only,medium,Late-2026 industrial candidate; official site/access needs follow-up for exact venue and directory.
ev-0123,exhibition,riyadh-2026-industrial-transformation-saudi,lifecycle_status,upcoming_confirmed,organizer_announcement,official,Industrial Transformation Saudi Arabia 2026 source review,https://industrialtransformation-saudiarabia.com/,public_page,2026,,2026-07-18,false,discovery_only,medium,Late-2026 industrial candidate; official site/access needs follow-up for exact venue and directory.
ev-0124,exhibition,riyadh-2026-industrial-transformation-saudi,pipeline_tier,primary_b2b,organizer_announcement,official,Industrial Transformation Saudi Arabia 2026 source review,https://industrialtransformation-saudiarabia.com/,public_page,2026,,2026-07-18,false,discovery_only,medium,Late-2026 industrial candidate; official site/access needs follow-up for exact venue and directory.
ev-0125,exhibition,riyadh-2026-black-hat-mea,start_date,2026-12-01,organizer_announcement,official,Black Hat Middle East and Africa 2026 source review,https://blackhatmea.com/,public_page,2026,,2026-07-18,false,verified_cross_source,medium,Security/technology target; no public 2026 exhibitor list captured.
ev-0126,exhibition,riyadh-2026-black-hat-mea,end_date,2026-12-03,organizer_announcement,official,Black Hat Middle East and Africa 2026 source review,https://blackhatmea.com/,public_page,2026,,2026-07-18,false,verified_cross_source,medium,Security/technology target; no public 2026 exhibitor list captured.
ev-0127,exhibition,riyadh-2026-black-hat-mea,venue,"Riyadh Exhibition and Convention Center, Malham",organizer_announcement,official,Black Hat Middle East and Africa 2026 source review,https://blackhatmea.com/,public_page,2026,,2026-07-18,false,verified_cross_source,medium,Security/technology target; no public 2026 exhibitor list captured.
ev-0128,exhibition,riyadh-2026-black-hat-mea,city,Riyadh,organizer_announcement,official,Black Hat Middle East and Africa 2026 source review,https://blackhatmea.com/,public_page,2026,,2026-07-18,false,verified_cross_source,medium,Security/technology target; no public 2026 exhibitor list captured.
ev-0129,exhibition,riyadh-2026-black-hat-mea,has_exhibition_floor,yes,organizer_announcement,official,Black Hat Middle East and Africa 2026 source review,https://blackhatmea.com/,public_page,2026,,2026-07-18,false,verified_cross_source,medium,Security/technology target; no public 2026 exhibitor list captured.
ev-0130,exhibition,riyadh-2026-black-hat-mea,lifecycle_status,upcoming_confirmed,organizer_announcement,official,Black Hat Middle East and Africa 2026 source review,https://blackhatmea.com/,public_page,2026,,2026-07-18,false,verified_cross_source,medium,Security/technology target; no public 2026 exhibitor list captured.
ev-0131,exhibition,riyadh-2026-black-hat-mea,pipeline_tier,primary_b2b,organizer_announcement,official,Black Hat Middle East and Africa 2026 source review,https://blackhatmea.com/,public_page,2026,,2026-07-18,false,verified_cross_source,medium,Security/technology target; no public 2026 exhibitor list captured.
ev-0132,exhibition,riyadh-2026-world-defense-show,start_date,2026-02-08,organizer_announcement,official,World Defense Show 2026 source review,https://www.worlddefenseshow.com/,public_page,2026,,2026-07-18,false,verified_cross_source,medium,Completed before current date; removed from upcoming totals and classified historical_2026_completed.
ev-0133,exhibition,riyadh-2026-world-defense-show,end_date,2026-02-12,organizer_announcement,official,World Defense Show 2026 source review,https://www.worlddefenseshow.com/,public_page,2026,,2026-07-18,false,verified_cross_source,medium,Completed before current date; removed from upcoming totals and classified historical_2026_completed.
ev-0134,exhibition,riyadh-2026-world-defense-show,venue,"World Defense Show venue, Malham",organizer_announcement,official,World Defense Show 2026 source review,https://www.worlddefenseshow.com/,public_page,2026,,2026-07-18,false,verified_cross_source,medium,Completed before current date; removed from upcoming totals and classified historical_2026_completed.
ev-0135,exhibition,riyadh-2026-world-defense-show,city,Riyadh,organizer_announcement,official,World Defense Show 2026 source review,https://www.worlddefenseshow.com/,public_page,2026,,2026-07-18,false,verified_cross_source,medium,Completed before current date; removed from upcoming totals and classified historical_2026_completed.
ev-0136,exhibition,riyadh-2026-world-defense-show,has_exhibition_floor,yes,organizer_announcement,official,World Defense Show 2026 source review,https://www.worlddefenseshow.com/,public_page,2026,,2026-07-18,false,verified_cross_source,medium,Completed before current date; removed from upcoming totals and classified historical_2026_completed.
ev-0137,exhibition,riyadh-2026-world-defense-show,lifecycle_status,completed_historical,organizer_announcement,official,World Defense Show 2026 source review,https://www.worlddefenseshow.com/,public_page,2026,,2026-07-18,false,verified_cross_source,medium,Completed before current date; removed from upcoming totals and classified historical_2026_completed.
ev-0138,exhibition,riyadh-2026-world-defense-show,pipeline_tier,historical_2026_completed,organizer_announcement,official,World Defense Show 2026 source review,https://www.worlddefenseshow.com/,public_page,2026,,2026-07-18,false,verified_cross_source,medium,Completed before current date; removed from upcoming totals and classified historical_2026_completed.
ev-0139,exhibition,riyadh-2026-wam-saudi-expo,start_date,2026-02-15,organizer_announcement,official,WAM Saudi Expo 2026 source review,https://wamsaudiexpo.com/,public_page,2026,,2026-07-18,false,verified_cross_source,medium,Completed before current date; removed from upcoming totals and classified historical_2026_completed.
ev-0140,exhibition,riyadh-2026-wam-saudi-expo,end_date,2026-02-17,organizer_announcement,official,WAM Saudi Expo 2026 source review,https://wamsaudiexpo.com/,public_page,2026,,2026-07-18,false,verified_cross_source,medium,Completed before current date; removed from upcoming totals and classified historical_2026_completed.
ev-0141,exhibition,riyadh-2026-wam-saudi-expo,venue,Riyadh,organizer_announcement,official,WAM Saudi Expo 2026 source review,https://wamsaudiexpo.com/,public_page,2026,,2026-07-18,false,verified_cross_source,medium,Completed before current date; removed from upcoming totals and classified historical_2026_completed.
ev-0142,exhibition,riyadh-2026-wam-saudi-expo,city,Riyadh,organizer_announcement,official,WAM Saudi Expo 2026 source review,https://wamsaudiexpo.com/,public_page,2026,,2026-07-18,false,verified_cross_source,medium,Completed before current date; removed from upcoming totals and classified historical_2026_completed.
ev-0143,exhibition,riyadh-2026-wam-saudi-expo,has_exhibition_floor,yes,organizer_announcement,official,WAM Saudi Expo 2026 source review,https://wamsaudiexpo.com/,public_page,2026,,2026-07-18,false,verified_cross_source,medium,Completed before current date; removed from upcoming totals and classified historical_2026_completed.
ev-0144,exhibition,riyadh-2026-wam-saudi-expo,lifecycle_status,completed_historical,organizer_announcement,official,WAM Saudi Expo 2026 source review,https://wamsaudiexpo.com/,public_page,2026,,2026-07-18,false,verified_cross_source,medium,Completed before current date; removed from upcoming totals and classified historical_2026_completed.
ev-0145,exhibition,riyadh-2026-wam-saudi-expo,pipeline_tier,historical_2026_completed,organizer_announcement,official,WAM Saudi Expo 2026 source review,https://wamsaudiexpo.com/,public_page,2026,,2026-07-18,false,verified_cross_source,medium,Completed before current date; removed from upcoming totals and classified historical_2026_completed.
ev-0146,exhibition,riyadh-2026-automechanika-riyadh,start_date,2026-05-04,organizer_announcement,official,Automechanika Riyadh 2026 source review,https://automechanika-riyadh.ae.messefrankfurt.com/,public_page,2026,,2026-07-18,false,verified_cross_source,medium,Completed before current date; removed from upcoming totals and classified historical_2026_completed.
ev-0147,exhibition,riyadh-2026-automechanika-riyadh,end_date,2026-05-06,organizer_announcement,official,Automechanika Riyadh 2026 source review,https://automechanika-riyadh.ae.messefrankfurt.com/,public_page,2026,,2026-07-18,false,verified_cross_source,medium,Completed before current date; removed from upcoming totals and classified historical_2026_completed.
ev-0148,exhibition,riyadh-2026-automechanika-riyadh,venue,Riyadh International Convention & Exhibition Center,organizer_announcement,official,Automechanika Riyadh 2026 source review,https://automechanika-riyadh.ae.messefrankfurt.com/,public_page,2026,,2026-07-18,false,verified_cross_source,medium,Completed before current date; removed from upcoming totals and classified historical_2026_completed.
ev-0149,exhibition,riyadh-2026-automechanika-riyadh,city,Riyadh,organizer_announcement,official,Automechanika Riyadh 2026 source review,https://automechanika-riyadh.ae.messefrankfurt.com/,public_page,2026,,2026-07-18,false,verified_cross_source,medium,Completed before current date; removed from upcoming totals and classified historical_2026_completed.
ev-0150,exhibition,riyadh-2026-automechanika-riyadh,has_exhibition_floor,yes,organizer_announcement,official,Automechanika Riyadh 2026 source review,https://automechanika-riyadh.ae.messefrankfurt.com/,public_page,2026,,2026-07-18,false,verified_cross_source,medium,Completed before current date; removed from upcoming totals and classified historical_2026_completed.
ev-0151,exhibition,riyadh-2026-automechanika-riyadh,lifecycle_status,completed_historical,organizer_announcement,official,Automechanika Riyadh 2026 source review,https://automechanika-riyadh.ae.messefrankfurt.com/,public_page,2026,,2026-07-18,false,verified_cross_source,medium,Completed before current date; removed from upcoming totals and classified historical_2026_completed.
ev-0152,exhibition,riyadh-2026-automechanika-riyadh,pipeline_tier,historical_2026_completed,organizer_announcement,official,Automechanika Riyadh 2026 source review,https://automechanika-riyadh.ae.messefrankfurt.com/,public_page,2026,,2026-07-18,false,verified_cross_source,medium,Completed before current date; removed from upcoming totals and classified historical_2026_completed.
ev-0153,exhibition,riyadh-2026-cphi-middle-east,start_date,2026-05-11,organizer_announcement,official,CPHI Middle East 2026 source review,https://www.cphi.com/mea/en/home.html,public_page,2026,,2026-07-18,false,verified_cross_source,medium,Completed before current date; removed from upcoming totals and classified historical_2026_completed.
ev-0154,exhibition,riyadh-2026-cphi-middle-east,end_date,2026-05-13,organizer_announcement,official,CPHI Middle East 2026 source review,https://www.cphi.com/mea/en/home.html,public_page,2026,,2026-07-18,false,verified_cross_source,medium,Completed before current date; removed from upcoming totals and classified historical_2026_completed.
ev-0155,exhibition,riyadh-2026-cphi-middle-east,venue,"Riyadh Exhibition and Convention Centre, Malham",organizer_announcement,official,CPHI Middle East 2026 source review,https://www.cphi.com/mea/en/home.html,public_page,2026,,2026-07-18,false,verified_cross_source,medium,Completed before current date; removed from upcoming totals and classified historical_2026_completed.
ev-0156,exhibition,riyadh-2026-cphi-middle-east,city,Riyadh,organizer_announcement,official,CPHI Middle East 2026 source review,https://www.cphi.com/mea/en/home.html,public_page,2026,,2026-07-18,false,verified_cross_source,medium,Completed before current date; removed from upcoming totals and classified historical_2026_completed.
ev-0157,exhibition,riyadh-2026-cphi-middle-east,has_exhibition_floor,yes,organizer_announcement,official,CPHI Middle East 2026 source review,https://www.cphi.com/mea/en/home.html,public_page,2026,,2026-07-18,false,verified_cross_source,medium,Completed before current date; removed from upcoming totals and classified historical_2026_completed.
ev-0158,exhibition,riyadh-2026-cphi-middle-east,lifecycle_status,completed_historical,organizer_announcement,official,CPHI Middle East 2026 source review,https://www.cphi.com/mea/en/home.html,public_page,2026,,2026-07-18,false,verified_cross_source,medium,Completed before current date; removed from upcoming totals and classified historical_2026_completed.
ev-0159,exhibition,riyadh-2026-cphi-middle-east,pipeline_tier,historical_2026_completed,organizer_announcement,official,CPHI Middle East 2026 source review,https://www.cphi.com/mea/en/home.html,public_page,2026,,2026-07-18,false,verified_cross_source,medium,Completed before current date; removed from upcoming totals and classified historical_2026_completed.
ev-0160,exhibition,riyadh-2026-bio-middle-east,start_date,2026-05-11,organizer_announcement,official,BIO Middle East 2026 source review,https://biomiddleeast.com/,public_page,2026,,2026-07-18,false,verified_cross_source,medium,Completed before current date; removed from upcoming totals and classified historical_2026_completed.
ev-0161,exhibition,riyadh-2026-bio-middle-east,end_date,2026-05-13,organizer_announcement,official,BIO Middle East 2026 source review,https://biomiddleeast.com/,public_page,2026,,2026-07-18,false,verified_cross_source,medium,Completed before current date; removed from upcoming totals and classified historical_2026_completed.
ev-0162,exhibition,riyadh-2026-bio-middle-east,venue,"Riyadh Exhibition and Convention Centre, Malham",organizer_announcement,official,BIO Middle East 2026 source review,https://biomiddleeast.com/,public_page,2026,,2026-07-18,false,verified_cross_source,medium,Completed before current date; removed from upcoming totals and classified historical_2026_completed.
ev-0163,exhibition,riyadh-2026-bio-middle-east,city,Riyadh,organizer_announcement,official,BIO Middle East 2026 source review,https://biomiddleeast.com/,public_page,2026,,2026-07-18,false,verified_cross_source,medium,Completed before current date; removed from upcoming totals and classified historical_2026_completed.
ev-0164,exhibition,riyadh-2026-bio-middle-east,has_exhibition_floor,yes,organizer_announcement,official,BIO Middle East 2026 source review,https://biomiddleeast.com/,public_page,2026,,2026-07-18,false,verified_cross_source,medium,Completed before current date; removed from upcoming totals and classified historical_2026_completed.
ev-0165,exhibition,riyadh-2026-bio-middle-east,lifecycle_status,completed_historical,organizer_announcement,official,BIO Middle East 2026 source review,https://biomiddleeast.com/,public_page,2026,,2026-07-18,false,verified_cross_source,medium,Completed before current date; removed from upcoming totals and classified historical_2026_completed.
ev-0166,exhibition,riyadh-2026-bio-middle-east,pipeline_tier,historical_2026_completed,organizer_announcement,official,BIO Middle East 2026 source review,https://biomiddleeast.com/,public_page,2026,,2026-07-18,false,verified_cross_source,medium,Completed before current date; removed from upcoming totals and classified historical_2026_completed.
ev-0167,exhibition,riyadh-2026-saudi-travel-market,start_date,2026-05-11,organizer_announcement,official,Saudi Travel Market 2026 source review,https://sauditravelmarket.com/,public_page,2026,,2026-07-18,false,verified_cross_source,medium,Completed before current date; removed from upcoming totals and classified historical_2026_completed.
ev-0168,exhibition,riyadh-2026-saudi-travel-market,end_date,2026-05-13,organizer_announcement,official,Saudi Travel Market 2026 source review,https://sauditravelmarket.com/,public_page,2026,,2026-07-18,false,verified_cross_source,medium,Completed before current date; removed from upcoming totals and classified historical_2026_completed.
ev-0169,exhibition,riyadh-2026-saudi-travel-market,venue,Riyadh International Convention & Exhibition Center,organizer_announcement,official,Saudi Travel Market 2026 source review,https://sauditravelmarket.com/,public_page,2026,,2026-07-18,false,verified_cross_source,medium,Completed before current date; removed from upcoming totals and classified historical_2026_completed.
ev-0170,exhibition,riyadh-2026-saudi-travel-market,city,Riyadh,organizer_announcement,official,Saudi Travel Market 2026 source review,https://sauditravelmarket.com/,public_page,2026,,2026-07-18,false,verified_cross_source,medium,Completed before current date; removed from upcoming totals and classified historical_2026_completed.
ev-0171,exhibition,riyadh-2026-saudi-travel-market,has_exhibition_floor,yes,organizer_announcement,official,Saudi Travel Market 2026 source review,https://sauditravelmarket.com/,public_page,2026,,2026-07-18,false,verified_cross_source,medium,Completed before current date; removed from upcoming totals and classified historical_2026_completed.
ev-0172,exhibition,riyadh-2026-saudi-travel-market,lifecycle_status,completed_historical,organizer_announcement,official,Saudi Travel Market 2026 source review,https://sauditravelmarket.com/,public_page,2026,,2026-07-18,false,verified_cross_source,medium,Completed before current date; removed from upcoming totals and classified historical_2026_completed.
ev-0173,exhibition,riyadh-2026-saudi-travel-market,pipeline_tier,historical_2026_completed,organizer_announcement,official,Saudi Travel Market 2026 source review,https://sauditravelmarket.com/,public_page,2026,,2026-07-18,false,verified_cross_source,medium,Completed before current date; removed from upcoming totals and classified historical_2026_completed.
ev-0174,exhibition,riyadh-2026-beautyworld-saudi,start_date,2026-05-18,organizer_announcement,official,Beautyworld Saudi Arabia 2026 source review,https://beautyworld-middle-east.ae.messefrankfurt.com/saudi-arabia/en.html,public_page,2026,,2026-07-18,false,verified_cross_source,medium,Completed before current date; removed from upcoming totals and classified historical_2026_completed.
ev-0175,exhibition,riyadh-2026-beautyworld-saudi,end_date,2026-05-20,organizer_announcement,official,Beautyworld Saudi Arabia 2026 source review,https://beautyworld-middle-east.ae.messefrankfurt.com/saudi-arabia/en.html,public_page,2026,,2026-07-18,false,verified_cross_source,medium,Completed before current date; removed from upcoming totals and classified historical_2026_completed.
ev-0176,exhibition,riyadh-2026-beautyworld-saudi,venue,Riyadh International Convention & Exhibition Center,organizer_announcement,official,Beautyworld Saudi Arabia 2026 source review,https://beautyworld-middle-east.ae.messefrankfurt.com/saudi-arabia/en.html,public_page,2026,,2026-07-18,false,verified_cross_source,medium,Completed before current date; removed from upcoming totals and classified historical_2026_completed.
ev-0177,exhibition,riyadh-2026-beautyworld-saudi,city,Riyadh,organizer_announcement,official,Beautyworld Saudi Arabia 2026 source review,https://beautyworld-middle-east.ae.messefrankfurt.com/saudi-arabia/en.html,public_page,2026,,2026-07-18,false,verified_cross_source,medium,Completed before current date; removed from upcoming totals and classified historical_2026_completed.
ev-0178,exhibition,riyadh-2026-beautyworld-saudi,has_exhibition_floor,yes,organizer_announcement,official,Beautyworld Saudi Arabia 2026 source review,https://beautyworld-middle-east.ae.messefrankfurt.com/saudi-arabia/en.html,public_page,2026,,2026-07-18,false,verified_cross_source,medium,Completed before current date; removed from upcoming totals and classified historical_2026_completed.
ev-0179,exhibition,riyadh-2026-beautyworld-saudi,lifecycle_status,completed_historical,organizer_announcement,official,Beautyworld Saudi Arabia 2026 source review,https://beautyworld-middle-east.ae.messefrankfurt.com/saudi-arabia/en.html,public_page,2026,,2026-07-18,false,verified_cross_source,medium,Completed before current date; removed from upcoming totals and classified historical_2026_completed.
ev-0180,exhibition,riyadh-2026-beautyworld-saudi,pipeline_tier,historical_2026_completed,organizer_announcement,official,Beautyworld Saudi Arabia 2026 source review,https://beautyworld-middle-east.ae.messefrankfurt.com/saudi-arabia/en.html,public_page,2026,,2026-07-18,false,verified_cross_source,medium,Completed before current date; removed from upcoming totals and classified historical_2026_completed.
ev-0181,exhibition,riyadh-2026-dunes-expo,start_date,2026-11-19,organizer_announcement,official,DUNES Expo 2026 source review,https://www.dunes-outdoor.com/,public_page,2026,,2026-07-18,false,discovery_only,low,Secondary consumer opportunity; not counted in primary B2B total pending Salah decision.
ev-0182,exhibition,riyadh-2026-dunes-expo,end_date,2026-11-21,organizer_announcement,official,DUNES Expo 2026 source review,https://www.dunes-outdoor.com/,public_page,2026,,2026-07-18,false,discovery_only,low,Secondary consumer opportunity; not counted in primary B2B total pending Salah decision.
ev-0183,exhibition,riyadh-2026-dunes-expo,venue,Riyadh,organizer_announcement,official,DUNES Expo 2026 source review,https://www.dunes-outdoor.com/,public_page,2026,,2026-07-18,false,discovery_only,low,Secondary consumer opportunity; not counted in primary B2B total pending Salah decision.
ev-0184,exhibition,riyadh-2026-dunes-expo,city,Riyadh,organizer_announcement,official,DUNES Expo 2026 source review,https://www.dunes-outdoor.com/,public_page,2026,,2026-07-18,false,discovery_only,low,Secondary consumer opportunity; not counted in primary B2B total pending Salah decision.
ev-0185,exhibition,riyadh-2026-dunes-expo,has_exhibition_floor,yes,organizer_announcement,official,DUNES Expo 2026 source review,https://www.dunes-outdoor.com/,public_page,2026,,2026-07-18,false,discovery_only,low,Secondary consumer opportunity; not counted in primary B2B total pending Salah decision.
ev-0186,exhibition,riyadh-2026-dunes-expo,lifecycle_status,upcoming_discovery,organizer_announcement,official,DUNES Expo 2026 source review,https://www.dunes-outdoor.com/,public_page,2026,,2026-07-18,false,discovery_only,low,Secondary consumer opportunity; not counted in primary B2B total pending Salah decision.
ev-0187,exhibition,riyadh-2026-dunes-expo,pipeline_tier,secondary_consumer_opportunity,organizer_announcement,official,DUNES Expo 2026 source review,https://www.dunes-outdoor.com/,public_page,2026,,2026-07-18,false,discovery_only,low,Secondary consumer opportunity; not counted in primary B2B total pending Salah decision.
ev-0188,exhibition,riyadh-2026-shopping-fashion-popups,venue,Riyadh,multi_source_search,search_discovery,Shopping and fashion pop-up markets 2026 source review,not_found,public_page,2026,,2026-07-18,false,discovery_only,low,Retained only as Salah-review secondary opportunity category; not a specific qualifying exhibition record for extraction.
ev-0189,exhibition,riyadh-2026-shopping-fashion-popups,city,Riyadh,multi_source_search,search_discovery,Shopping and fashion pop-up markets 2026 source review,not_found,public_page,2026,,2026-07-18,false,discovery_only,low,Retained only as Salah-review secondary opportunity category; not a specific qualifying exhibition record for extraction.
ev-0190,exhibition,riyadh-2026-shopping-fashion-popups,has_exhibition_floor,unknown,multi_source_search,search_discovery,Shopping and fashion pop-up markets 2026 source review,not_found,public_page,2026,,2026-07-18,false,discovery_only,low,Retained only as Salah-review secondary opportunity category; not a specific qualifying exhibition record for extraction.
ev-0191,exhibition,riyadh-2026-shopping-fashion-popups,lifecycle_status,date_unconfirmed,multi_source_search,search_discovery,Shopping and fashion pop-up markets 2026 source review,not_found,public_page,2026,,2026-07-18,false,discovery_only,low,Retained only as Salah-review secondary opportunity category; not a specific qualifying exhibition record for extraction.
ev-0192,exhibition,riyadh-2026-shopping-fashion-popups,pipeline_tier,secondary_consumer_opportunity,multi_source_search,search_discovery,Shopping and fashion pop-up markets 2026 source review,not_found,public_page,2026,,2026-07-18,false,discovery_only,low,Retained only as Salah-review secondary opportunity category; not a specific qualifying exhibition record for extraction.
ev-0193,exhibition,riyadh-2026-hr-recruitment-candidates,venue,Riyadh,multi_source_search,search_discovery,HR and recruitment exhibitions in Riyadh 2026 source review,not_found,public_page,2026,,2026-07-18,false,not_found,low,Explicitly investigated; no qualifying upcoming exhibition source captured in this pass.
ev-0194,exhibition,riyadh-2026-hr-recruitment-candidates,city,Riyadh,multi_source_search,search_discovery,HR and recruitment exhibitions in Riyadh 2026 source review,not_found,public_page,2026,,2026-07-18,false,not_found,low,Explicitly investigated; no qualifying upcoming exhibition source captured in this pass.
ev-0195,exhibition,riyadh-2026-hr-recruitment-candidates,has_exhibition_floor,unknown,multi_source_search,search_discovery,HR and recruitment exhibitions in Riyadh 2026 source review,not_found,public_page,2026,,2026-07-18,false,not_found,low,Explicitly investigated; no qualifying upcoming exhibition source captured in this pass.
ev-0196,exhibition,riyadh-2026-hr-recruitment-candidates,lifecycle_status,date_unconfirmed,multi_source_search,search_discovery,HR and recruitment exhibitions in Riyadh 2026 source review,not_found,public_page,2026,,2026-07-18,false,not_found,low,Explicitly investigated; no qualifying upcoming exhibition source captured in this pass.
ev-0197,exhibition,riyadh-2026-hr-recruitment-candidates,pipeline_tier,date_unconfirmed_candidate,multi_source_search,search_discovery,HR and recruitment exhibitions in Riyadh 2026 source review,not_found,public_page,2026,,2026-07-18,false,not_found,low,Explicitly investigated; no qualifying upcoming exhibition source captured in this pass.
ev-0198,exhibition,riyadh-2026-bapex-fapex-candidates,venue,Riyadh,multi_source_search,search_discovery,BAPEX/FAPEX Riyadh 2026 candidate source review,not_found,public_page,2026,,2026-07-18,false,not_found,low,Name requires user/Salah clarification or deeper Arabic search; not counted as upcoming.
ev-0199,exhibition,riyadh-2026-bapex-fapex-candidates,city,Riyadh,multi_source_search,search_discovery,BAPEX/FAPEX Riyadh 2026 candidate source review,not_found,public_page,2026,,2026-07-18,false,not_found,low,Name requires user/Salah clarification or deeper Arabic search; not counted as upcoming.
ev-0200,exhibition,riyadh-2026-bapex-fapex-candidates,has_exhibition_floor,unknown,multi_source_search,search_discovery,BAPEX/FAPEX Riyadh 2026 candidate source review,not_found,public_page,2026,,2026-07-18,false,not_found,low,Name requires user/Salah clarification or deeper Arabic search; not counted as upcoming.
ev-0201,exhibition,riyadh-2026-bapex-fapex-candidates,lifecycle_status,date_unconfirmed,multi_source_search,search_discovery,BAPEX/FAPEX Riyadh 2026 candidate source review,not_found,public_page,2026,,2026-07-18,false,not_found,low,Name requires user/Salah clarification or deeper Arabic search; not counted as upcoming.
ev-0202,exhibition,riyadh-2026-bapex-fapex-candidates,pipeline_tier,date_unconfirmed_candidate,multi_source_search,search_discovery,BAPEX/FAPEX Riyadh 2026 candidate source review,not_found,public_page,2026,,2026-07-18,false,not_found,low,Name requires user/Salah clarification or deeper Arabic search; not counted as upcoming.
ev-0203,exhibition,riyadh-2026-horse-equestrian-candidates,venue,Riyadh,multi_source_search,search_discovery,Horse and equestrian exhibition candidates 2026 source review,not_found,public_page,2026,,2026-07-18,false,not_found,low,Could overlap consumer/sport events; not counted as primary B2B.
ev-0204,exhibition,riyadh-2026-horse-equestrian-candidates,city,Riyadh,multi_source_search,search_discovery,Horse and equestrian exhibition candidates 2026 source review,not_found,public_page,2026,,2026-07-18,false,not_found,low,Could overlap consumer/sport events; not counted as primary B2B.
ev-0205,exhibition,riyadh-2026-horse-equestrian-candidates,has_exhibition_floor,unknown,multi_source_search,search_discovery,Horse and equestrian exhibition candidates 2026 source review,not_found,public_page,2026,,2026-07-18,false,not_found,low,Could overlap consumer/sport events; not counted as primary B2B.
ev-0206,exhibition,riyadh-2026-horse-equestrian-candidates,lifecycle_status,date_unconfirmed,multi_source_search,search_discovery,Horse and equestrian exhibition candidates 2026 source review,not_found,public_page,2026,,2026-07-18,false,not_found,low,Could overlap consumer/sport events; not counted as primary B2B.
ev-0207,exhibition,riyadh-2026-horse-equestrian-candidates,pipeline_tier,secondary_consumer_opportunity,multi_source_search,search_discovery,Horse and equestrian exhibition candidates 2026 source review,not_found,public_page,2026,,2026-07-18,false,not_found,low,Could overlap consumer/sport events; not counted as primary B2B.
ev-0208,exhibition,riyadh-2026-back-to-school-candidates,venue,Riyadh,multi_source_search,search_discovery,Back-to-school exhibition candidates 2026 source review,not_found,public_page,2026,,2026-07-18,false,not_found,low,Likely retail/consumer if found; not counted as primary B2B.
ev-0209,exhibition,riyadh-2026-back-to-school-candidates,city,Riyadh,multi_source_search,search_discovery,Back-to-school exhibition candidates 2026 source review,not_found,public_page,2026,,2026-07-18,false,not_found,low,Likely retail/consumer if found; not counted as primary B2B.
ev-0210,exhibition,riyadh-2026-back-to-school-candidates,has_exhibition_floor,unknown,multi_source_search,search_discovery,Back-to-school exhibition candidates 2026 source review,not_found,public_page,2026,,2026-07-18,false,not_found,low,Likely retail/consumer if found; not counted as primary B2B.
ev-0211,exhibition,riyadh-2026-back-to-school-candidates,lifecycle_status,date_unconfirmed,multi_source_search,search_discovery,Back-to-school exhibition candidates 2026 source review,not_found,public_page,2026,,2026-07-18,false,not_found,low,Likely retail/consumer if found; not counted as primary B2B.
ev-0212,exhibition,riyadh-2026-back-to-school-candidates,pipeline_tier,secondary_consumer_opportunity,multi_source_search,search_discovery,Back-to-school exhibition candidates 2026 source review,not_found,public_page,2026,,2026-07-18,false,not_found,low,Likely retail/consumer if found; not counted as primary B2B.
ev-0213,exhibition,riyadh-2026-leap,current_directory_url,https://onegiantleap.com/exhibit/our-2026-exhibitors,official_current_exhibitor_directory,official,LEAP 2026 current directory audit,https://onegiantleap.com/exhibit/our-2026-exhibitors,public_page,2026,,2026-07-18,true,verified_primary,high,Current directory validation: counted only if page itself lists 2026 companies/exhibitors; Global Health 2025 page is excluded from 2026 current count.
ev-0214,exhibition,riyadh-2026-cityscape-global,current_directory_url,not_found,multi_source_search,search_discovery,Cityscape Global 2026 current directory audit,not_found,public_page,2026,,2026-07-18,false,not_found,low,Current directory validation: counted only if page itself lists 2026 companies/exhibitors; Global Health 2025 page is excluded from 2026 current count.
ev-0215,exhibition,riyadh-2026-global-health,current_directory_url,not_found,multi_source_search,search_discovery,Global Health Exhibition 2026 current directory audit,not_found,public_page,2026,,2026-07-18,false,not_found,low,Current directory validation: counted only if page itself lists 2026 companies/exhibitors; Global Health 2025 page is excluded from 2026 current count.
ev-0216,exhibition,riyadh-2026-saudi-build,current_directory_url,not_found,multi_source_search,search_discovery,Saudi Build 2026 current directory audit,not_found,public_page,2026,,2026-07-18,false,not_found,low,Current directory validation: counted only if page itself lists 2026 companies/exhibitors; Global Health 2025 page is excluded from 2026 current count.
ev-0217,exhibition,riyadh-2026-big5-construct-saudi,current_directory_url,not_found,multi_source_search,search_discovery,Big 5 Construct Saudi 2026 current directory audit,not_found,public_page,2026,,2026-07-18,false,not_found,low,Current directory validation: counted only if page itself lists 2026 companies/exhibitors; Global Health 2025 page is excluded from 2026 current count.
ev-0218,exhibition,riyadh-2026-index-saudi,current_directory_url,not_found,multi_source_search,search_discovery,INDEX Saudi Arabia 2026 current directory audit,not_found,public_page,2026,,2026-07-18,false,not_found,low,Current directory validation: counted only if page itself lists 2026 companies/exhibitors; Global Health 2025 page is excluded from 2026 current count.
ev-0219,exhibition,riyadh-2026-saudi-warehousing-logistics,current_directory_url,not_found,multi_source_search,search_discovery,Saudi Warehousing & Logistics Expo 2026 current directory audit,not_found,public_page,2026,,2026-07-18,false,not_found,low,Current directory validation: counted only if page itself lists 2026 companies/exhibitors; Global Health 2025 page is excluded from 2026 current count.
ev-0220,exhibition,riyadh-2026-saudi-event-show,current_directory_url,https://10times.com/e1sk-571x-6zfp/exhibitors,multi_source_search,search_discovery,The Saudi Event Show 2026 current directory audit,https://10times.com/e1sk-571x-6zfp/exhibitors,public_page,2026,,2026-07-18,false,not_found,low,Current directory validation: counted only if page itself lists 2026 companies/exhibitors; Global Health 2025 page is excluded from 2026 current count.
ev-0221,exhibition,riyadh-2026-money2020-middle-east,current_directory_url,not_found,multi_source_search,search_discovery,Money20/20 Middle East 2026 current directory audit,not_found,public_page,2026,,2026-07-18,false,not_found,low,Current directory validation: counted only if page itself lists 2026 companies/exhibitors; Global Health 2025 page is excluded from 2026 current count.
ev-0222,exhibition,riyadh-2026-hotel-hospitality-expo,current_directory_url,https://10times.com/thsa/exhibitors,multi_source_search,search_discovery,Hotel & Hospitality Expo Saudi Arabia 2026 current directory audit,https://10times.com/thsa/exhibitors,public_page,2026,,2026-07-18,false,not_found,low,Current directory validation: counted only if page itself lists 2026 companies/exhibitors; Global Health 2025 page is excluded from 2026 current count.
ev-0223,exhibition,riyadh-2026-lighting-design-technology,current_directory_url,not_found,multi_source_search,search_discovery,Lighting Design & Technology Expo 2026 current directory audit,not_found,public_page,2026,,2026-07-18,false,not_found,low,Current directory validation: counted only if page itself lists 2026 companies/exhibitors; Global Health 2025 page is excluded from 2026 current count.
ev-0224,exhibition,riyadh-2026-orgatec-workspace,current_directory_url,not_found,multi_source_search,search_discovery,ORGATEC WORKSPACE Saudi Arabia 2026 current directory audit,not_found,public_page,2026,,2026-07-18,false,not_found,low,Current directory validation: counted only if page itself lists 2026 companies/exhibitors; Global Health 2025 page is excluded from 2026 current count.
ev-0225,exhibition,riyadh-2026-saudi-agriculture,current_directory_url,https://saudi-agriculture.com/exhibitors-list/,official_current_exhibitor_directory,official,Saudi Agriculture 2026 current directory audit,https://saudi-agriculture.com/exhibitors-list/,public_page,2026,,2026-07-18,true,verified_primary,high,Current directory validation: counted only if page itself lists 2026 companies/exhibitors; Global Health 2025 page is excluded from 2026 current count.
ev-0226,exhibition,riyadh-2026-saudi-food-expo,current_directory_url,not_found,multi_source_search,search_discovery,Saudi Food Expo 2026 current directory audit,not_found,public_page,2026,,2026-07-18,false,not_found,low,Current directory validation: counted only if page itself lists 2026 companies/exhibitors; Global Health 2025 page is excluded from 2026 current count.
ev-0227,exhibition,riyadh-2026-saudi-elenex,current_directory_url,not_found,multi_source_search,search_discovery,Saudi Elenex 2026 current directory audit,not_found,public_page,2026,,2026-07-18,false,not_found,low,Current directory validation: counted only if page itself lists 2026 companies/exhibitors; Global Health 2025 page is excluded from 2026 current count.
ev-0228,exhibition,riyadh-2026-lift-city-expo,current_directory_url,not_found,multi_source_search,search_discovery,LIFT CITY EXPO Riyadh 2026 current directory audit,not_found,public_page,2026,,2026-07-18,false,not_found,low,Current directory validation: counted only if page itself lists 2026 companies/exhibitors; Global Health 2025 page is excluded from 2026 current count.
ev-0229,exhibition,riyadh-2026-industrial-transformation-saudi,current_directory_url,not_found,multi_source_search,search_discovery,Industrial Transformation Saudi Arabia 2026 current directory audit,not_found,public_page,2026,,2026-07-18,false,not_found,low,Current directory validation: counted only if page itself lists 2026 companies/exhibitors; Global Health 2025 page is excluded from 2026 current count.
ev-0230,exhibition,riyadh-2026-black-hat-mea,current_directory_url,not_found,multi_source_search,search_discovery,Black Hat Middle East and Africa 2026 current directory audit,not_found,public_page,2026,,2026-07-18,false,not_found,low,Current directory validation: counted only if page itself lists 2026 companies/exhibitors; Global Health 2025 page is excluded from 2026 current count.
